0,tamaramorrison@hotmail.com,pbkdf2:sha256:600000$QHZqYhIBeWgXgOCG$b240baaf3194316f7ed52efdcad813a7e0075e0ef3d2c26d1eb7f7f8945287d3,Gary,Cross,"711 Golden Overpass
West Andreaville, OH 44115",false
1,stephenschristine@yahoo.com,pbkdf2:sha256:600000$KCQJ86Ty3y008iLa$286195dbde7080581f1e93f42060d7bf6ad815fdf836abd8e9ca9f23c5bcca39,Madison,Obrien,"Unit 0903 Box 2173
DPO AP 08507",true
2,hensontroy@yahoo.com,pbkdf2:sha256:600000$QNAEPCEkXuGbX4UP$a871f82229960599f432b5dc46e70536ce0b38f8e6dc19026860919e23350fef,Ronald,Miller,"9606 Barton Station Apt. 271
Jacquelinemouth, NC 64367",false
3,kimberly00@yahoo.com,pbkdf2:sha256:600000$IzPXX75gOWGWhFJt$dd6433c84e93198936376ec522aa7385938b9547e9760a9094ec269fe4dd1c0e,Melanie,Grant,"658 Jared Radial Suite 022
Mathewstad, VT 12783",true
4,ryanhoward@gmail.com,pbkdf2:sha256:600000$tg2P2nTJ2qMbDrgi$494943a5ccf1ef6c9513e7ecd16401542511188ba91cf7ff31102ac95e76d0ac,Jaime,Villegas,"0168 West Overpass
South Christopher, IN 34699",true
5,melissayates@hotmail.com,pbkdf2:sha256:600000$s5gifejFuth3IYRz$9a7858d29d26db2c22d47389e16a959f883f34ceef50471ad0d0f238379ce063,Amanda,Smith,"8688 Audrey Springs Apt. 634
Petersenfort, PR 51431",true
6,hhunter@gmail.com,pbkdf2:sha256:600000$JCeRY4obbzay8cPW$abe96c82784f1b62fdaa5024c64e02cb9d2dd30c1096c84b8afb371cd08a2851,Shane,Becker,"5375 Sue Canyon Suite 408
East Clayton, GU 82739",false
7,karicarter@yahoo.com,pbkdf2:sha256:600000$BoDJeVAs8A4cl0aN$2ce80906883f110518992d198fcdf023862866faa7a5fa4791a3a20ce9278997,Gregory,Haley,"8529 Curtis Prairie Suite 262
Port Jeffrey, NY 32330",true
8,owolf@hotmail.com,pbkdf2:sha256:600000$hVSW8zE9msKOkm4X$454965caa66a8b4cf77c2f9f2f108465f306dc7a8b6d8144f30c6e168d0b805e,Gina,Mills,"79703 Wilson Roads Suite 892
Mccarthyfort, CO 89391",false
9,mcdanielchristopher@hotmail.com,pbkdf2:sha256:600000$2Sm8NSlt1UzUBVzA$65e732ed34647ccfc9e9e2f9700e800cb3aac7db9d5195999e7fd62f10ea3b65,Patrick,Robinson,"4270 Anthony Mountains
Onealtown, PR 69553",false
10,welchzachary@hotmail.com,pbkdf2:sha256:600000$HJuFV5hkaeh6NC5a$c8d0931abe56b2e17efb4b2d67c811692f341fdb5bc35da1b0a4d576cfe22e6e,Kevin,Williams,"0239 Salazar Squares
Kelseystad, MT 60570",false
11,hstevens@gmail.com,pbkdf2:sha256:600000$Duw36tYqFmr6g27Y$8f8d64ae5d92893adf58287e90259d41ce0c156a54ceb08a60c031d16294ad0b,Cheryl,Miller,"8647 Wiggins Garden Apt. 481
South Tylermouth, AR 54518",true
12,taylorjamie@yahoo.com,pbkdf2:sha256:600000$nOfgrtNXq4e3swqO$7cc690606029570b2ee4a8840b3ddb38e8c3a88d884b30e1f9350f8f2e2a6188,Mitchell,Payne,"57492 Lisa Plaza Suite 590
South Eric, HI 67409",true
13,allenalexander@hotmail.com,pbkdf2:sha256:600000$boupRGdZBNVpkaO8$460526e2dd3950c334c2a537482032a31c55d80b0da7a4a66873ecbd1ed28d5c,Daniel,Edwards,"5240 Berry Centers
West Andrew, SC 08538",true
14,zmorgan@yahoo.com,pbkdf2:sha256:600000$M1EGDZ2HhPQ45gdw$e21d15b10ad4c286a9e9c4b3dd9788aeac512982ac5c3bc7fcb37e4fed0cc047,Jessica,Hancock,"5600 Davis Highway
South Joel, MI 21771",true
15,rfischer@yahoo.com,pbkdf2:sha256:600000$itb9nmGLu5d2kOG7$1cc0b133c4070d74062dbf4f89bdd402c5a3d3fd9f28e7138c678f9cbf1bcc88,Gloria,Smith,"931 Ramirez Village Apt. 821
New Daniel, NY 83355",true
16,vasquezkathryn@gmail.com,pbkdf2:sha256:600000$SLdJjgCIhg9fNydP$6da972d22dc9238334686c09130fa4ce1f102ca562d79a1b0e8370d7b18bcec3,Cynthia,Reeves,"PSC 6644, Box 6595
APO AE 40742",false
17,kimberly87@gmail.com,pbkdf2:sha256:600000$S3U6jri7k4WW7g0r$840b7eb0b2f33c6dd012be091b27c368b55eb9c754bb5f51ece72c99a12a53bf,Kyle,Powell,"080 Herring Key Apt. 182
Jamesview, MD 92304",false
18,morriskrystal@hotmail.com,pbkdf2:sha256:600000$FRwm5kUh5ruwMwyf$832c83d22d0ebf87fb175710cad896efb1bc9921d41860264d48194c122b0691,Lindsey,Oliver,"4361 Davis Burg
Andrewfurt, RI 91015",false
19,kimberlynunez@yahoo.com,pbkdf2:sha256:600000$ChGV1rqlLQtIsw4T$e2478abd9a911cf231c695daf6cd758c9a2409b3eeaeb130e11681670b7368ec,David,Perez,"90622 Anthony Islands
North Brandonville, OK 80648",true
20,michaelanderson@hotmail.com,pbkdf2:sha256:600000$eZpHiTSclHkyb7po$9c775429901b55133930632afc032527bef727f44d7a18c78fd558ef23fd17d8,Gilbert,Jenkins,"8034 Jennifer Islands Suite 604
Johnsonchester, KY 49674",true
21,elizabeth32@hotmail.com,pbkdf2:sha256:600000$hlrvRFHa6wpCtKaJ$2607fc4d3bb752fe196e5292a1b3bb57bfa7a1e23ae921650190cdbf5ec9dc4f,Madison,Pollard,"9261 Alex Lake
Floresmouth, MN 77080",true
22,nancy51@hotmail.com,pbkdf2:sha256:600000$oSk3YaveUvCXZx7V$d452c0ca5aa45d147f21d91c67cb44b9a687abc81266c1ebd04bd6a9da109f5d,Troy,Hawkins,"02983 Antonio Lodge
Kleinville, NJ 73841",true
23,danielrobles@yahoo.com,pbkdf2:sha256:600000$QP93G3HDj9aGgtHT$8f6d89595c1533e8233789980d194b50a000bbe184695acd719d67181ada516e,William,Bray,"017 Long Forks Suite 090
Davisborough, VA 43336",true
24,griffinpamela@hotmail.com,pbkdf2:sha256:600000$WqKH6vwRW0hUHlkN$472414f5a7f8434c68dad302e4c49f442b9c58b2c3ff201a6b1602a397b89b4a,Melissa,Wells,"4619 Wilkins Wall
South John, NJ 54277",false
25,qmyers@yahoo.com,pbkdf2:sha256:600000$OVRZPabdWeD2gySF$e0c792044ab8c7ac6996a60551840b1b54bc4235216fdf338abfcdb5c80092a4,Amy,Sanchez,"Unit 8645 Box 7325
DPO AP 47232",false
26,jeremy94@gmail.com,pbkdf2:sha256:600000$eoYw3YIi9ocIdTdi$fdb2cbb8bd74dba22e2484eadb20437d50759ebccfd1b2b754290b2807e269de,Joshua,Jones,"1039 Brianna Passage Suite 274
New Sergiobury, MS 50840",true
27,wendysteele@gmail.com,pbkdf2:sha256:600000$xFZ6zXRmD97fYaGC$4a2a6a3414a4965a29ab71e7a4b566b96dde4d27639213f7bf36c6d1e8c13d55,Zachary,Garcia,"192 Johnson Ville
West Colin, MP 93220",true
28,preyes@gmail.com,pbkdf2:sha256:600000$4s5H8DNTUI01ALLC$8e9203f3b7d49da2b8c312bd667326bd8359d6f364c5d3bfac741d5c12eeeb44,Amy,Price,"PSC 8771, Box 6528
APO AE 30780",true
29,martinezchristopher@gmail.com,pbkdf2:sha256:600000$cMJeDQfY1EfXgRZi$428aef6e89fcd14a2b2a9b23cec5470617388c2960e63c38824ef41090845f68,Kristin,Ibarra,"730 Jackson Parkways
Lewisside, NC 65143",true
30,qstark@yahoo.com,pbkdf2:sha256:600000$J8iG7lzMVeGp1f0k$6622df68029f9192e56d3f5619aa840fcd3577540afab49813d80b4fef72da21,Eric,Taylor,"9684 Jacob Forge Suite 828
Port Carla, WV 70196",false
31,waynebarnes@yahoo.com,pbkdf2:sha256:600000$iXOKT7XuPqgImNt2$28ac9210b141f93b4167279071211e5c70f341576dc138775bdc6a231dd2d374,Daniel,Mccall,"986 Rebecca Center
Merrittton, SD 85388",true
32,vschneider@gmail.com,pbkdf2:sha256:600000$0r9dKD045PCaH1Dk$37f06f84dae9ca41dbeb4a70675d7af5d51028b4f9c35d3ed099862b5453e90f,Brian,Kelly,"Unit 2166 Box 7052
DPO AE 92631",true
33,shawna76@hotmail.com,pbkdf2:sha256:600000$kacddPo1kf5oZnUR$c63124d0ee860c3d4a21ccb8a75846a21e38ab095a099470e3617141f8c56b5f,Jessica,Frank,"68521 Eric Lights
Lake Carlosview, OK 40177",false
34,vallen@hotmail.com,pbkdf2:sha256:600000$dZDQp59dFBzlenom$2f8b3cce53ca961900b860094da421d98600e35e3535c3e06cfc0cd3e7127e00,Alexander,Gibson,"286 Young Light Suite 334
New Brenda, FM 49268",true
35,andrewkramer@hotmail.com,pbkdf2:sha256:600000$ltKhYTA5doP9iyp7$f4bbce44480753ad577be1a7f189722d11c0c3ed0a452bd60db1b3e7101e6818,Phillip,MD,"118 Melissa Prairie
Stephanieville, MH 74361",true
36,stephenbeck@yahoo.com,pbkdf2:sha256:600000$ZaTbF7aH2meg1zMR$52776d82788ad0f47e6b144fea6e6aa95e27bb261697b4b2b55660cb84f4dfb5,Leah,Bell,"94930 Madison Streets Apt. 622
Ryanhaven, MD 29335",false
37,sandygarcia@gmail.com,pbkdf2:sha256:600000$LFcJqcNeIL65lclz$c4da9c35059f0db7ea6f5ecf91792378cbfd9ebe9f2fa84d62333d9ce471e924,Dalton,Fritz,"33319 Russell Village
New James, NM 12409",true
38,nbaker@gmail.com,pbkdf2:sha256:600000$p7IXg5C4N52rt4L8$fd356fb2b4a3e215db6f39c86f46512a85f568851ca83515fa75d2591bf6b2b1,Erica,Vega,"666 Douglas Club Suite 283
Bellshire, FL 75555",true
39,joel44@gmail.com,pbkdf2:sha256:600000$o5DLrxuNehJdUIBk$0316ff1bef4015b008b99838965ac50b352da079b84c9da62a5f37da58317a88,Daniel,Davis,"6988 Jennifer Stravenue
Bradshawport, CT 58848",true
40,carolyn44@hotmail.com,pbkdf2:sha256:600000$IlxEMrOVcW9ywNpx$fa5e9d52aeab7e8d1ecb6a1f76c331e2ce16ed41fff46065a1d8168a2d91fb9c,Thomas,Alexander,"87210 Pena Freeway
Walshville, MT 08009",false
41,bmorris@yahoo.com,pbkdf2:sha256:600000$ZGqTtR7A8qY5ZiZh$6b6119128ecf6bec0da1b223a5674e86fe54b92f5430db6addcc69f7c5ae9ce9,Nathaniel,Perez,"5857 Gilmore Stravenue
Melvinburgh, HI 29630",false
42,michaelcoleman@yahoo.com,pbkdf2:sha256:600000$UMm0hjicpnJd26PK$6a2778fdbed59349002629dcd5b183853e92954dee28abac0b43415843c55018,James,Newman,"472 Craig Meadows Suite 994
Kelleyport, MT 77284",true
43,nancyparrish@yahoo.com,pbkdf2:sha256:600000$SCDeC6fi5VhUQB2y$c47efd3298670514596beabdd48f73caf99c2e621b28faf29c3187f7df1d4f03,Barry,Hubbard,"1600 Miguel Hill
Brianton, RI 06150",true
44,denisetaylor@gmail.com,pbkdf2:sha256:600000$Ok6eFbFsHRcyS4sv$555bc1d363c4dc8cbdd779e8892fa452e64a2074f159c3d4cc748963ef1de4be,David,Steele,"Unit 4585 Box 0002
DPO AA 97569",false
45,lindseyeric@gmail.com,pbkdf2:sha256:600000$OAG5YWxouJSLqifJ$857cb1e5c15f9c279d4863ac780f2e03d4d5cd7bd992278fc1024449aa333c0e,Adam,Gregory,"5812 Gonzalez Port
South Justinton, KS 01181",true
46,johnny46@hotmail.com,pbkdf2:sha256:600000$GMVtTmt50qmfYmPL$c79ad5679e16b000f1c6b6b9763fbb8b03e90bfd1cde11ca07a2133bd1b3bf0b,Dr.,II,"212 Thompson Glens Suite 586
Marshallview, PA 41804",true
47,taylorsteven@gmail.com,pbkdf2:sha256:600000$dinSBth8EMzWIPsA$533e092502f8f8041e6a74d53c4d8f8ab51b4d439ece289a888ce81c4140df61,William,Burns,"468 Kristopher Curve Apt. 215
North Anthony, NJ 10721",false
48,thomasallen@hotmail.com,pbkdf2:sha256:600000$jqsAlEWMCnPuyvYs$df66f2312dbdbd534b0ad04ba6ed6ec9aa5a1cf9d28b7ccc2259531731d070d4,Christopher,Guerrero,"65545 Jaime Run
Danielleburgh, PR 73609",false
49,josephmason@hotmail.com,pbkdf2:sha256:600000$w5WEv9e2nujmKj5N$99c883a4a4b913dfc04098c4e80c9e072888d7b8ee7ac7bb1eb1633350490380,Kathryn,Noble,"15233 Keller Wall Suite 978
Kimtown, RI 90203",true
50,richard56@yahoo.com,pbkdf2:sha256:600000$uY2UE0svsNTUVIob$a2fae895c375ac18edb48dda24c5b82a3fa4dfd1c2bd501d02c226f86cea4d10,Stacey,Rojas,"4475 Henry Valleys
Zacharyport, NV 70521",true
51,websterrandy@gmail.com,pbkdf2:sha256:600000$kEnyeeRjl94gGIQ9$44041aa0d7612614462d79fe1a43d95b24644bae612494df5c31cb3b3061852e,Laura,Morrison,"224 Sparks Islands
South Valerie, MA 72097",false
52,obarr@hotmail.com,pbkdf2:sha256:600000$GzAKlAVNwJqyX0rG$57e1c9d61e2d4d799efc38522662155ae066e522b328571a3f901527ae4d8051,Samantha,Morgan,"73065 Kelly Glen
Kerrton, ME 58929",false
53,abigailandrews@hotmail.com,pbkdf2:sha256:600000$fwfm3yxI8ybowimx$7b07a7eb0b3df3e51aba4bfde1d3fe2707b61164f5d5acb6808883cf5489ae62,Natalie,Galloway,"4380 Jones Run
New Jacobfort, WV 86817",true
54,santiagocrystal@hotmail.com,pbkdf2:sha256:600000$TbxZvvw0lNLOFfaV$e404e27fbb6482a8a2b607f59131c41429b1ff7ba009128faab627efc5905590,Christopher,Berry,"66923 Anthony Canyon
Sullivanport, GA 50346",false
55,xhensley@gmail.com,pbkdf2:sha256:600000$s38MmPsP8SvhvOr0$aec238575332be96c549e0c045c2a4769ba127b04746cd79f71fe83a722501b4,Angela,Rodriguez,"640 Taylor Passage
Lake Sean, RI 35897",true
56,carlosrodriguez@yahoo.com,pbkdf2:sha256:600000$rf4RGZdXa3cYNc8h$4657c5050cb1892ec18d47a3bbb42997f54bf572f7aa7bfbfdf9830be3cb67e2,Zachary,Conner,"6759 Washington Haven
South Hannahland, NH 78285",false
57,tiffany63@gmail.com,pbkdf2:sha256:600000$gCLJjJCxIoStwcUF$e3c8643e81f2fe543023abf8490017c1fb43b80c421c164a1b171bc575f7ac84,Michael,Robinson,"174 King Brook
Jessicabury, GU 46752",false
58,vfoster@hotmail.com,pbkdf2:sha256:600000$ZcjECp6A7F93vCdc$ffa766070ba3a3008a49659e50992413a0ebfb9769230704fab09fa8cc5bb10b,Keith,Brooks,"23312 Bob Points
New Marychester, NH 85752",false
59,emorrison@yahoo.com,pbkdf2:sha256:600000$Wqp8bXu8Ojs0vFr4$7b7380626bf7af58536ada722ae4cd3284f9c1a33651579d83b5a02ed56e9287,Whitney,Murphy,"47180 Yang Harbor
Kristenview, ID 98053",true
60,heathermarshall@hotmail.com,pbkdf2:sha256:600000$ccEATKWA6Dv3D5yq$56759c9a6d1ce42d0c1601c3cee7762c29c74592b72892db2b4af7e920f59a39,Christopher,Nolan,"3106 Conner Rue
West Anthonytown, NH 33274",false
61,ricksmith@yahoo.com,pbkdf2:sha256:600000$hUKfXsEVuYma1Udc$122633064b44d15971549cd13eaad2f08f342b58699fb972e93b08c6607c3f77,Andrew,Mckay,"12959 Andrew Underpass
New Eric, DC 20304",true
62,richardharding@yahoo.com,pbkdf2:sha256:600000$eOGlARpqm9XFjPja$71713d1ebf4256acc1fc62e69ac76739df46db104219415f18d4665a44d7ba06,Christine,Moore,"52076 Maureen Loaf
Colleenborough, NE 00904",false
63,sharris@hotmail.com,pbkdf2:sha256:600000$9MJiY871BooAaJl7$b8b92d867c5a9fd2a97693cb8d3f6924336d12a2c9a0f1a42c571fa80d21d1a9,Rodney,Harrison,"4247 Sanders Rapid Apt. 732
Farmermouth, AZ 97079",true
64,jasonday@yahoo.com,pbkdf2:sha256:600000$0PvdrIrNKcJAO6R4$882c5dd25f447a772c991fead62f850bcd1ea8d75b31600fe999d7add1806628,Jennifer,Contreras,"02650 Cochran Path
Ryanville, CT 81479",true
65,pharris@yahoo.com,pbkdf2:sha256:600000$VpTdPfp0oFRdfA70$b598bd359181b74e639ecd175b4329c08c0c2e11885530e3d360760347942fb4,Karen,Knox,"7883 Melton Forge
West Greggport, CT 59375",false
66,gclayton@gmail.com,pbkdf2:sha256:600000$ZZXlG5m0MzMP4Vnw$fbb263726f4009263616a3070ca89421c2f8e24a77400395ef1380eb1f4b1439,Amy,Moses,"0500 Valdez Spring Apt. 908
Port Ashleyside, AZ 28321",true
67,sanchezsherri@gmail.com,pbkdf2:sha256:600000$SG6rjwyxQHxhIxgB$d88cda4f1b78cc856934800658f5dbec584b25bbc1a4a06c814fc95d4bf7a04a,Elizabeth,Nichols,"644 Morris Island
Port Cody, ME 26072",true
68,ole@yahoo.com,pbkdf2:sha256:600000$g6VDfAlWUKnMVj03$21bc64f635feda08d010ec0ddc30bcc24ea268673d88760d228e6b6e72cf2506,Alyssa,Hill,"Unit 2020 Box 8651
DPO AA 03923",true
69,colonconnor@gmail.com,pbkdf2:sha256:600000$r5RUoZPVKSEW8Ezp$079fd53c74c54a1b0e8437e53a97be1801d97026db39cdf667489dbdeba9a16d,Cassandra,Martin,"09547 Ramirez Isle
Tinaland, SD 58300",false
70,nancyadams@yahoo.com,pbkdf2:sha256:600000$SrtNgoj3wwdpK7U8$4acfe42f1249811e791bddf0a899be388edbf269449d1b3f7c35c770a6af7e2d,Tammy,Peters,"94374 Bobby Mews
Lake Garrettville, MN 55425",false
71,kstone@gmail.com,pbkdf2:sha256:600000$5RIfVImBbAlF7rnu$27c6c0c149ae65340b2bc537e83f41c2314b1e0bf3808d6d19b4951953e6e660,Jimmy,Walker,"4101 Savage Park
South Lorraine, TX 96010",false
72,williamsrodney@hotmail.com,pbkdf2:sha256:600000$r1QP1ktr8WfRakUe$6cb94b94dda2778dd1d9287f8eb592bad12293ffe1234dbd58ebe83d6c199070,Austin,Holland,"08987 Ramirez Avenue
Bellchester, AR 92448",true
73,hromero@gmail.com,pbkdf2:sha256:600000$jKtRnH1M2RBfV9Yt$01f57e8abd9cdeaa785ba6401336ca893968d614855f79f2d481f326929f1bc4,Timothy,Peters,"993 Mills Estate
West Carlos, LA 54822",false
74,brownkelly@yahoo.com,pbkdf2:sha256:600000$0c9oWhrK0Cuh7H1A$eb24020d0dd5b235575023f628e54b50613245b86a9e08bdc97208f73c56fa5d,Julie,Villegas,"PSC 9912, Box 8155
APO AA 48422",true
75,diazfrank@yahoo.com,pbkdf2:sha256:600000$JRTfdq24k8xw1VLT$19d97cfd66a6c75f6f16f5b081171729f0ed3e081007e1e6e4b9653a02a43b72,Jacqueline,Brooks,"16323 Matthew Walk
Curtisville, WY 79810",false
76,qferrell@hotmail.com,pbkdf2:sha256:600000$s10EC7sGT9eeqvvr$44a3f00dee9ba97cd4309d4787ccffd8746d399af26e375f5ca7a008381ded5d,David,Harris,"9052 Miller Shores
Knappberg, TN 60227",true
77,patrick19@yahoo.com,pbkdf2:sha256:600000$1OUNfJIdKLJ5GRHJ$8f7532d011cf0cf326fd04bcb7019273cc4564166503d39daa67ae0f8e3dcdb9,John,Coleman,"3990 Terri Tunnel Suite 324
South Monica, RI 14378",false
78,brookeclark@yahoo.com,pbkdf2:sha256:600000$aCpHRa01Jnmusg9u$81a801d60b188a7bc7566195e3fb1673a54b97237050dd5b7b11911e4b5a4baf,Katelyn,Howell,"542 Kim Lodge
Michaelfort, PR 54847",false
79,kellywright@gmail.com,pbkdf2:sha256:600000$UvgoTAg8kdYC6L4c$4f5a4d5ad2ce7d5ab6abc377f016cc88ddd358bf1c58638ad5a8cc0005c11e12,Joshua,Jacobs,"5507 William Brook
Wrightview, RI 96776",true
80,ppatel@gmail.com,pbkdf2:sha256:600000$RUOqiNwiUjSRfFhS$88dcf0449bdcce48dfcb463137c02ba9c02c0252c7de88d538bd1531f776b381,Deanna,Holt,"189 Johnson Flats Suite 066
North Tiffany, VI 44671",false
81,nicholasmorgan@hotmail.com,pbkdf2:sha256:600000$3geEqXcq9DGPZBbj$3d7aed74a7b88360823a9a2b833bde4b7ac7d8d4e78d9191106cc4a1993c6fe4,John,Joyce,"58718 Camacho Cove Suite 092
Elizabethburgh, MA 63093",true
82,dwells@hotmail.com,pbkdf2:sha256:600000$uPcDwuFhllMHITt9$40f9758e1a818e3f9367fe2290652aa73ce7291ac6d49c9269e8f01bcbcd8a82,Kristina,Higgins,"824 Roberson Port Apt. 542
Martinborough, IA 17119",true
83,wiseamy@hotmail.com,pbkdf2:sha256:600000$ZgJEGGv8leqIsLWV$f972b5e752d608b56ffb0a463296d70d28b88bf15b91b3e5d37ef167650fb3f3,Travis,Richardson,"13591 Nelson Flats
South Shannon, IN 77563",false
84,hamptonterri@hotmail.com,pbkdf2:sha256:600000$qKLhdzHW1j3mpjpz$55e78f328fbaaf5141ac11993203890469ea70deddac8bceb2a90dc14aaccbe7,Jack,Stephens,"658 Michelle Ford
Jeremyfort, GU 84207",false
85,randallshaffer@yahoo.com,pbkdf2:sha256:600000$7eqbpmDnUb7JdWv9$29cb16242b2ccf1ad557bce2f99284994418a40685fb97f36e13c6722489d3dd,Thomas,Underwood,"9970 Chandler Lodge Suite 903
Michaelmouth, GA 55503",true
86,johnsoncharles@hotmail.com,pbkdf2:sha256:600000$kHgp18EKM5cc2BLN$259eee1c853a1d82935b5ba62477bae97578ed9a4dd3eabc5c450e5cfbe0e4e4,Michael,Butler,"8779 Clark Plains Suite 513
Collinsshire, WV 14308",true
87,noblebrenda@gmail.com,pbkdf2:sha256:600000$KQ29IykSTHNqzq5F$cb783405484c4fa193a8f654a8162d2e888b783f3215bf9cf3211b3d203d5223,Seth,Torres,"5343 Emily Glens
Paulland, SC 08055",true
88,ycolon@yahoo.com,pbkdf2:sha256:600000$TnQACeUnB2FpTK16$4783be3103a0bc0e5f9a646df58124662100ccc0e7b17463846ca8936e6c9b26,Laura,Williams,"45046 Nicholas Street
Karenbury, GA 79485",false
89,marcus46@gmail.com,pbkdf2:sha256:600000$UVsZhjguW1Asufim$3855842c37190d4ed375fa32dc27704c157a0790c3c79be36dd9ab23ca02bdd3,Nicholas,Stewart,"72872 John Flat
West Michaelfort, ME 43651",false
90,ethomas@gmail.com,pbkdf2:sha256:600000$PxqnXLgziSReBZpK$b8eee9612781fe4ed11330030fc028ffcf52c233efbf9316ea2c171d2aa00cac,Rebecca,Jacobson,"214 Anthony Springs Suite 465
Lake Melissa, WY 99836",true
91,claytonperry@yahoo.com,pbkdf2:sha256:600000$mkhxpMIwgBpekEPm$62a643c7c920377a0f9c4d0ca81b6fdda1fdd73764677f4b6f4fc29c25ee9654,Kevin,Edwards,"4021 Benton Haven
South Diane, WV 25347",false
92,anthony13@hotmail.com,pbkdf2:sha256:600000$6ajbzMUt5apPiODf$bc17d76d6462ac27a7768556a21674926040a4e4a96a3f2aa0b638d41ba4c643,Eric,Robinson,"1205 David Cliff
North Jenniferville, FL 49927",true
93,courtneysmith@gmail.com,pbkdf2:sha256:600000$G32m22D6A3WmLwAW$29ccd7191c4a69d0308d0f86a8ec431fb7dffd181ee01743725e9d1ba4ccc89d,Shannon,Smith,"6107 Salas Groves
Ponceview, MS 76451",false
94,yolanda44@gmail.com,pbkdf2:sha256:600000$eczeLEiHa8UF6mhv$86859b245ec581083f300d404796a56b44be4aced5df4df2d664af554c8deb21,Patrick,Cox,"50019 Rodriguez Junction Apt. 555
Dylanmouth, CO 33868",false
95,barry05@yahoo.com,pbkdf2:sha256:600000$NGIirrA6vl4VLiDL$76078a4ee76077512a6e74121dcf8c2c81279c4c8a5c9614811e7ca5e1642f94,Spencer,Brooks,"6657 Emily Ville
East Stephen, OR 47708",false
96,evanslisa@gmail.com,pbkdf2:sha256:600000$yxJ4nPfcJlkUkpSD$793292a14c004447038dd9e4e89b41f150e75f804505143dca60a97ff2069060,Kevin,Massey,"525 John Lock Apt. 152
Davisberg, MA 05398",true
97,daniel31@hotmail.com,pbkdf2:sha256:600000$wakYeGYMU1eRd6lM$5d9d9f16995019381f9c4112aea7dd2ea396e0982d9e11e89e80e7c30b19b0d3,Isaiah,Barnes,"742 Anna Curve
Sherriport, KY 14405",false
98,kwalters@yahoo.com,pbkdf2:sha256:600000$j0cVNSf6EwlxqcSz$dc852b314490f4f25b77d634c5249465bbc2fe02b983bd31f513d6d9e9bcea4e,Samantha,Jackson,"643 Russell Mall Apt. 710
Foxmouth, MA 43005",true
99,christopherrodriguez@hotmail.com,pbkdf2:sha256:600000$BcyNoGmP4W1KiBYw$7e13286b6b8da4a1e8ec2fffcdc2d61699499875dcd2cf793c8f5ad0d8861efa,Katie,Hutchinson,"8063 Bryan Motorway Apt. 608
New Johnshire, MN 04558",true
